intersect_bp,f_orig_query,f_match,f_unique_to_query,f_unique_weighted,average_abund,median_abund,std_abund,name,filename,md5,f_match_orig,unique_intersect_bp,gather_result_rank,remaining_bp,query_filename,query_name,query_md5,query_bp
5634000,0.019826788334782044,0.9172907847606643,0.019826788334782044,0.033342892453074965,17.33510827121051,15.0,61.94158749908647,"GCA_010669205.1 Blautia producta ATCC 27340 = DSM 2950 strain=JCM 1471, ASM1066920v1",/group/ctbrowngrp/genbank/genbank-2020.07-bacteria-k31.zip,698994c96972a3ff39d5abbef995fbd9,0.9172907847606643,5634000,0,96802000,outputs.paper/abundtrim/p8808mo11.abundtrim.fq.gz,p8808mo11,6a8413cf,284161000
5510000,0.019390415996565328,0.9960231381055676,0.019390415996565328,0.018762845067152815,9.974410163339384,9.0,5.981055874240433,"GCA_000433395.1 Clostridium hathewayi CAG:224, MGS224",/group/ctbrowngrp/genbank/genbank-2020.07-bacteria-k31.zip,e1681d164e1343664cc157db62bef9ea,0.9960231381055676,5510000,1,91292000,outputs.paper/abundtrim/p8808mo11.abundtrim.fq.gz,p8808mo11,6a8413cf,284161000
5017000,0.017655484038977903,0.9958316792377928,0.017655484038977903,0.05966597704445673,34.83555909906318,30.0,45.287800990204296,"GCA_012980355.1 Escherichia coli, PDT000626707.1",/group/ctbrowngrp/genbank/genbank-2020.07-bacteria-k31.zip,e1aec1bc312822a20539469fc6923749,0.9958316792377928,5017000,2,86275000,outputs.paper/abundtrim/p8808mo11.abundtrim.fq.gz,p8808mo11,6a8413cf,284161000
4586000,0.016138738250498837,0.8364941999631744,0.01598741558482691,0.044380261783322064,28.614571868809158,24.0,37.7316372644848,"GCA_001405335.1 Enterocloster clostridioformis strain=2789STDY5834865, 13470_2#84",/group/ctbrowngrp/genbank/genbank-2020.07-bacteria-k31.zip,fc9e495736d6619bad52fa69cede71dc,0.8444117105505432,4543000,3,81732000,outputs.paper/abundtrim/p8808mo11.abundtrim.fq.gz,p8808mo11,6a8413cf,284161000
4224000,0.014864812553446814,0.6618750998243093,0.014583282012661836,0.007238984821483439,5.116795366795367,4.0,22.273557390823207,"GCA_011317135.1 Enterocloster aldensis strain=MSK.1.13, ASM1131713v1",/group/ctbrowngrp/genbank/genbank-2020.07-bacteria-k31.zip,c7c5653ed2c30e9772abadf178a9368c,0.6746526114039291,4144000,4,77588000,outputs.paper/abundtrim/p8808mo11.abundtrim.fq.gz,p8808mo11,6a8413cf,284161000
4137000,0.01455864809034315,0.8799568965517242,0.01436861497531329,0.01955454502004001,14.028410482488367,12.0,13.339999904383143,"GCA_000189615.1 [Clostridium] symbiosum WAL-14673 strain=WAL-14673, Clos_symb_WAL_14673_V2",/group/ctbrowngrp/genbank/genbank-2020.07-bacteria-k31.zip,d7455b0f77603e9dec9b05a01f5fe901,0.8915948275862069,4083000,5,73505000,outputs.paper/abundtrim/p8808mo11.abundtrim.fq.gz,p8808mo11,6a8413cf,284161000
3525000,0.012404939453338072,0.8727678571428571,0.0123838246627792,0.07933250032432727,66.03466894003978,64.0,25.42342625521801,"GCA_000183585.2 Clostridium sp. HGF2 strain=HGF2, ASM18358v1",/group/ctbrowngrp/genbank/genbank-2020.07-bacteria-k31.zip,4d472ef2ba3f0da01531ada29e8fe1e5,0.8742559523809523,3519000,6,69986000,outputs.paper/abundtrim/p8808mo11.abundtrim.fq.gz,p8808mo11,6a8413cf,284161000
3198000,0.011254183367879476,0.9928571428571429,0.011250664236119664,0.011795612364038591,10.807319361901783,10.0,5.916616637282799,"GCA_001059475.1 Bifidobacterium scardovii strain=981_BLON, ASM105947v1",/group/ctbrowngrp/genbank/genbank-2020.07-bacteria-k31.zip,559aceb48c3438540e7dd35c9a7be51d,0.993167701863354,3197000,7,66789000,outputs.paper/abundtrim/p8808mo11.abundtrim.fq.gz,p8808mo11,6a8413cf,284161000
3022000,0.010634816178152526,0.9821254468638284,0.010634816178152526,0.030785486525055136,29.839510258107214,29.0,13.95633687633276,"GCA_000433055.1 Coprobacillus sp. CAG:183, MGS183",/group/ctbrowngrp/genbank/genbank-2020.07-bacteria-k31.zip,c869dedd92898662540b72eea7c61698,0.9821254468638284,3022000,8,63767000,outputs.paper/abundtrim/p8808mo11.abundtrim.fq.gz,p8808mo11,6a8413cf,284161000
2868000,0.010092869887141444,0.8951814768460575,0.010068235964822758,0.007260492840902108,7.4334148898986365,7.0,5.173959666313155,"GCA_004343035.1 Longibaculum muris strain=DSM 29487, ASM434303v1",/group/ctbrowngrp/genbank/genbank-2020.07-bacteria-k31.zip,f78b300954e755242df91ac808a59a00,0.8973717146433041,2861000,9,60906000,outputs.paper/abundtrim/p8808mo11.abundtrim.fq.gz,p8808mo11,6a8413cf,284161000
2569000,0.00904064949095759,0.7332952598515134,0.009037130359197778,0.006412803758099647,7.314641744548287,6.0,6.567637826205197,"GCA_001949465.1 Clostridium perfringens strain=JFP833, ASM194946v1",/group/ctbrowngrp/genbank/genbank-2020.07-bacteria-k31.zip,b6f5bb879c43a66576a945b4ccdd597c,0.7335808109651628,2568000,10,58338000,outputs.paper/abundtrim/p8808mo11.abundtrim.fq.gz,p8808mo11,6a8413cf,284161000
2500000,0.008797829399530548,0.7455904334828102,0.008776714608971675,0.15657189482237108,183.8897353648757,179.0,71.13324485320607,"GCA_001406815.1 Roseburia faecis strain=M72, M72",/group/ctbrowngrp/genbank/genbank-2020.07-bacteria-k31.zip,2761b9bfb8ee41b7d2e36ef75953884e,0.7473841554559043,2494000,11,55844000,outputs.paper/abundtrim/p8808mo11.abundtrim.fq.gz,p8808mo11,6a8413cf,284161000
2488000,0.0087555998184128,0.8022049286640727,0.00870633197377543,0.14957735034856648,177.09498787388844,162.0,121.70854015269137,"GCA_002865285.1 [Ruminococcus] gnavus strain=RJX1128, ASM286528v1",/group/ctbrowngrp/genbank/genbank-2020.07-bacteria-k31.zip,d2c41dd24b3078c44e28084a85ad4dfa,0.8067444876783398,2474000,12,53370000,outputs.paper/abundtrim/p8808mo11.abundtrim.fq.gz,p8808mo11,6a8413cf,284161000
2407000,0.00847055014586801,0.4316702819956616,0.008403686642431579,0.007153635538076022,8.774706867671691,7.0,12.37322297098124,"GCA_000242155.1 Lachnospiraceae bacterium 7_1_58FAA strain=7_1_58FAA, Lach_bact_7_1_58FAA_V1",/group/ctbrowngrp/genbank/genbank-2020.07-bacteria-k31.zip,5188a18cdf61f976d782a46b9df72fff,0.43510484454085324,2388000,13,50982000,outputs.paper/abundtrim/p8808mo11.abundtrim.fq.gz,p8808mo11,6a8413cf,284161000
2377000,0.008364976193073645,0.7127371273712737,0.008329784875475523,0.0033002860907979815,4.084072665821715,3.0,6.340775746531963,"GCA_902362985.1 Anaerostipes caccae, MGYG-HGUT-00080",/group/ctbrowngrp/genbank/genbank-2020.07-bacteria-k31.zip,78e10d143a1a8d463505089a740df662,0.715748268593797,2367000,14,48615000,outputs.paper/abundtrim/p8808mo11.abundtrim.fq.gz,p8808mo11,6a8413cf,284161000
2393000,0.00842128230123064,0.7813021702838063,0.008234768317960594,0.007006151976348006,8.770085470085471,4.0,42.80577436276692,"GCA_900066185.1 uncultured Ruminococcus sp., 13414_6#30",/group/ctbrowngrp/genbank/genbank-2020.07-bacteria-k31.zip,a349f0f9a966d7bfd99f67f8c33f19aa,0.7989983305509182,2340000,15,46275000,outputs.paper/abundtrim/p8808mo11.abundtrim.fq.gz,p8808mo11,6a8413cf,284161000
2302000,0.008101041311087728,0.7404186795491143,0.008090483915808291,0.007003762196412599,8.923444976076555,7.0,7.937460156408703,"GCA_900066685.1 uncultured Clostridium sp., 14207_7#27",/group/ctbrowngrp/genbank/genbank-2020.07-bacteria-k31.zip,25ce06858f5b2a62cd0506bdc16e62ae,0.7413848631239935,2299000,16,43976000,outputs.paper/abundtrim/p8808mo11.abundtrim.fq.gz,p8808mo11,6a8413cf,284161000
2334000,0.008213653527401719,0.6075814201815269,0.00800954388533261,0.005449722444130359,7.013620386643233,6.0,14.694106780041958,"GCA_005844125.1 Pseudoflavonifractor sp. BSD2780061688st1 E11 strain=BSD2780061688st1_E11, ASM584412v1",/group/ctbrowngrp/genbank/genbank-2020.07-bacteria-k31.zip,6d816a43320546aa84bf433d68025e92,0.6230646022423919,2276000,17,41700000,outputs.paper/abundtrim/p8808mo11.abundtrim.fq.gz,p8808mo11,6a8413cf,284161000
1934000,0.006806000823476831,0.7023411371237458,0.006651159026045094,0.003191380405170118,4.946031746031746,4.0,4.642824311374896,"GCA_002160695.1 [Clostridium] spiroforme strain=An149, ASM216069v1",/group/ctbrowngrp/genbank/genbank-2020.07-bacteria-k31.zip,e3a30d877559d0dca154adb466333ea9,0.7186919360832404,1890000,18,39810000,outputs.paper/abundtrim/p8808mo11.abundtrim.fq.gz,p8808mo11,6a8413cf,284161000
1891000,0.006654678157804906,0.7301092043681747,0.006587814654368474,0.008089746478488567,12.658119658119658,12.0,5.734846093155217,"GCA_004683745.1 Bifidobacterium dentium strain=ATCC 15424, ASM468374v1",/group/ctbrowngrp/genbank/genbank-2020.07-bacteria-k31.zip,eb8d0faba2ce5369ae1ded4ac20e632e,0.7375195007800313,1872000,19,37938000,outputs.paper/abundtrim/p8808mo11.abundtrim.fq.gz,p8808mo11,6a8413cf,284161000
1821000,0.006408338934618051,0.6285511363636364,0.0062288632148676274,0.033205992202489466,54.951977401129945,52.0,24.941229429769816,"GCA_902363725.1 Lachnospiraceae bacterium, MGYG-HGUT-00148",/group/ctbrowngrp/genbank/genbank-2020.07-bacteria-k31.zip,5b08fb8672bed26e590d532f79ad11d7,0.6466619318181818,1770000,20,36168000,outputs.paper/abundtrim/p8808mo11.abundtrim.fq.gz,p8808mo11,6a8413cf,284161000
1570000,0.005525036862905184,0.6424167694204685,0.005500402940586498,0.002190745406501567,4.10556621880998,3.0,3.1343944216082313,"GCA_900540465.1 uncultured Clostridium sp., UMGS249",/group/ctbrowngrp/genbank/genbank-2020.07-bacteria-k31.zip,d26fe8a1f1609355fcceb73903e5c019,0.6452938758734074,1563000,21,34605000,outputs.paper/abundtrim/p8808mo11.abundtrim.fq.gz,p8808mo11,6a8413cf,284161000
1560000,0.005489845545307062,0.5136212624584717,0.005440577700669691,0.0013451047065008842,2.548512289780078,2.0,5.167245681116877,"GCA_000432335.1 Firmicutes bacterium CAG:646, MGS646",/group/ctbrowngrp/genbank/genbank-2020.07-bacteria-k31.zip,081d92c6c47d817de4ac7e8d950a0bc3,0.5182724252491694,1546000,22,33059000,outputs.paper/abundtrim/p8808mo11.abundtrim.fq.gz,p8808mo11,6a8413cf,284161000
1285000,0.004522084311358702,0.5650835532102023,0.004522084311358702,0.01007940897328226,22.975875486381323,23.0,12.523107113738257,"GCA_002005185.1 Veillonella parvula strain=UTDB1-3, ASM200518v1",/group/ctbrowngrp/genbank/genbank-2020.07-bacteria-k31.zip,5bb1d2c925b9b1bf01edf18d7c60e249,0.5650835532102023,1285000,23,31774000,outputs.paper/abundtrim/p8808mo11.abundtrim.fq.gz,p8808mo11,6a8413cf,284161000
1195000,0.004205362452975602,0.5646161182641869,0.004166652003617668,0.012659347112121647,31.31841216216216,30.0,17.398036901309055,"GCA_900555025.1 uncultured Blautia sp., UMGS1786",/group/ctbrowngrp/genbank/genbank-2020.07-bacteria-k31.zip,e8981a6b457a5dafde2a8c2c843f0bd1,0.569861707200763,1184000,24,30590000,outputs.paper/abundtrim/p8808mo11.abundtrim.fq.gz,p8808mo11,6a8413cf,284161000
929000,0.0032692734048655517,0.2645457151046145,0.003248158614306678,0.0006124664577316209,1.943661971830986,1.0,1.8288261284670628,"GCA_003284655.1 Clostridium paraputrificum strain=Gcol.A11, ASM328465v1",/group/ctbrowngrp/genbank/genbank-2020.07-bacteria-k31.zip,2ccabccdb85bba5b4aeb707c9fa7247a,0.26626540556033246,923000,25,29667000,outputs.paper/abundtrim/p8808mo11.abundtrim.fq.gz,p8808mo11,6a8413cf,284161000
907000,0.0031918525061496827,0.2792207792207792,0.0031777759791104337,0.0005568187249499853,1.806201550387597,1.0,1.4387014537417775,"GCA_009712365.1 Turicibacter sanguinis strain=BIOML-A198, ASM971236v1",/group/ctbrowngrp/genbank/genbank-2020.07-bacteria-k31.zip,0280a7f2d7c1b2a10d147e5590580b3f,0.28045763760049475,903000,26,28764000,outputs.paper/abundtrim/p8808mo11.abundtrim.fq.gz,p8808mo11,6a8413cf,284161000
825000,0.0029032837018450807,0.3869606003752345,0.0029032837018450807,0.0006742593389185904,2.393939393939394,2.0,2.064114660008072,"GCA_902859015.1 Streptococcus salivarius, Ssal_N5",/group/ctbrowngrp/genbank/genbank-2020.07-bacteria-k31.zip,5ecc78d427c0fa49bf6a3e5b55d1b01d,0.3869606003752345,825000,27,27939000,outputs.paper/abundtrim/p8808mo11.abundtrim.fq.gz,p8808mo11,6a8413cf,284161000
842000,0.0029631089417618884,0.34939216569113013,0.002730846245614282,0.000696108755470889,2.627577319587629,2.0,4.017578937914251,"GCA_000179755.1 Veillonella atypica ACS-134-V-Col7a strain=ACS-134-V-Col7a, ASM17975v1",/group/ctbrowngrp/genbank/genbank-2020.07-bacteria-k31.zip,a8c8d491e08c4b19d9cf051f564600da,0.37910850968032417,776000,28,27163000,outputs.paper/abundtrim/p8808mo11.abundtrim.fq.gz,p8808mo11,6a8413cf,284161000
606000,0.0021325938464462047,0.32438238453276047,0.00212555558292658,0.0005626224762216896,2.728476821192053,1.0,18.41102958182154,"GCA_900542375.1 uncultured Ruminococcaceae bacterium, UMGS454",/group/ctbrowngrp/genbank/genbank-2020.07-bacteria-k31.zip,fed98fe06f36d89d113198957fefae2c,0.32545649838882923,604000,29,26559000,outputs.paper/abundtrim/p8808mo11.abundtrim.fq.gz,p8808mo11,6a8413cf,284161000
621000,0.0021853808228433883,0.12703862660944207,0.002083326001808834,0.0010491133916439637,5.190878378378378,2.0,11.71677524754249,"GCA_900013605.1 Clostridioides difficile, Peptoclostridium difficile",/group/ctbrowngrp/genbank/genbank-2020.07-bacteria-k31.zip,d160515fcecd68d6b14b427998bf951f,0.1332618025751073,592000,30,25967000,outputs.paper/abundtrim/p8808mo11.abundtrim.fq.gz,p8808mo11,6a8413cf,284161000
747000,0.002628791424579728,0.27285714285714285,0.0020164624983724016,0.00038270618679885564,1.956369982547993,2.0,1.3523357400672922,"GCA_010604095.1 Streptococcus vestibularis strain=AS012761, ASM1060409v1",/group/ctbrowngrp/genbank/genbank-2020.07-bacteria-k31.zip,1011a3c923fa78a46b088ee068f5a605,0.3557142857142857,573000,31,25394000,outputs.paper/abundtrim/p8808mo11.abundtrim.fq.gz,p8808mo11,6a8413cf,284161000
545000,0.0019179268090976594,0.15523156089193826,0.001910888545578035,0.0002905289607188458,1.567219152854512,1.0,0.8766423691086402,"GCA_900549765.1 uncultured Clostridiales bacterium, UMGS1221",/group/ctbrowngrp/genbank/genbank-2020.07-bacteria-k31.zip,569ce86b8884ff0c6cfa0e7b77bfffb8,0.15580331618067467,543000,32,24851000,outputs.paper/abundtrim/p8808mo11.abundtrim.fq.gz,p8808mo11,6a8413cf,284161000
568000,0.0019988668395733403,0.2623031496062992,0.001875697227979913,0.0010849600906750786,5.962476547842401,1.0,29.643258839358058,"GCA_001808725.1 Streptococcus sp. HMSC074F05 strain=HMSC074F05, ASM180872v1",/group/ctbrowngrp/genbank/genbank-2020.07-bacteria-k31.zip,a8443bacc38c914819de2eff00c42900,0.2795275590551181,533000,33,24318000,outputs.paper/abundtrim/p8808mo11.abundtrim.fq.gz,p8808mo11,6a8413cf,284161000
570000,0.002005905103092965,0.2242503259452412,0.001815871988063105,0.00026970373556743616,1.5310077519379846,1.0,0.8241790324069688,"GCA_902167545.1 Bifidobacterium longum subsp. longum, B.longum_ssp_longum_mod2",/group/ctbrowngrp/genbank/genbank-2020.07-bacteria-k31.zip,64bff7f404546c8cece107954a4cb02b,0.24771838331160365,516000,34,23802000,outputs.paper/abundtrim/p8808mo11.abundtrim.fq.gz,p8808mo11,6a8413cf,284161000
496000,0.0017454893528668608,0.12031952071892162,0.0016962215082294897,0.0002666311613647692,1.620331950207469,1.0,2.1303579009346345,"GCA_900011355.1 Clostridioides difficile, Peptoclostridium difficile",/group/ctbrowngrp/genbank/genbank-2020.07-bacteria-k31.zip,2eb73f92dde40743a5e30a93d9d36950,0.1238142785821268,482000,35,23320000,outputs.paper/abundtrim/p8808mo11.abundtrim.fq.gz,p8808mo11,6a8413cf,284161000
750000,0.002639348819859164,0.24120603015075376,0.0016891832447098651,0.00028813918078343816,1.7583333333333333,1.0,1.0973136389484195,"GCA_000180075.1 Streptococcus vestibularis F0396 strain=F0396, ASM18007v1",/group/ctbrowngrp/genbank/genbank-2020.07-bacteria-k31.zip,3626e925495c83b081ba4a216b792523,0.3768844221105528,480000,36,22840000,outputs.paper/abundtrim/p8808mo11.abundtrim.fq.gz,p8808mo11,6a8413cf,284161000
2279000,0.008020101280612047,0.11509021323127391,0.0014815544708809442,0.0010801805308042634,7.515439429928741,6.0,9.116187169664986,"GCA_002160935.1 Drancourtella sp. An12 strain=An12, ASM216093v1",/group/ctbrowngrp/genbank/genbank-2020.07-bacteria-k31.zip,4bec388f779c28cf30e135f228d15078,0.6230180426462548,421000,37,22419000,outputs.paper/abundtrim/p8808mo11.abundtrim.fq.gz,p8808mo11,6a8413cf,284161000
1264000,0.004448182544402645,0.1863410221619177,0.0014498822850426342,0.003112859064435295,22.131067961165048,23.0,12.111027865001285,"GCA_000215025.2 Veillonella parvula ACS-068-V-Sch12 strain=ACS-068-V-Sch12, ASM21502v2",/group/ctbrowngrp/genbank/genbank-2020.07-bacteria-k31.zip,054c38f203e1e1565fe0dff93aca248c,0.5716870194482134,412000,38,22007000,outputs.paper/abundtrim/p8808mo11.abundtrim.fq.gz,p8808mo11,6a8413cf,284161000
1124000,0.003955504098028934,0.23637406769936892,0.0014498822850426342,0.004576428576305674,32.536407766990294,27.0,31.971105503186184,"GCA_900764525.1 uncultured Blautia sp., SRS1735587_15",/group/ctbrowngrp/genbank/genbank-2020.07-bacteria-k31.zip,5e06e71eb130e236e4a72ffc2a1fd917,0.6448651749856569,412000,39,21595000,outputs.paper/abundtrim/p8808mo11.abundtrim.fq.gz,p8808mo11,6a8413cf,284161000
2274000,0.008002505621812987,0.1379542395693136,0.00144284402152301,0.0009682022709737329,6.917073170731707,5.0,6.008770112339024,"GCA_005845095.1 Intestinibacter bartlettii strain=BSD2780061688st1_A9, ASM584509v1",/group/ctbrowngrp/genbank/genbank-2020.07-bacteria-k31.zip,213f9e97b9c30ee04e49d89798020cff,0.7651413189771198,410000,40,21185000,outputs.paper/abundtrim/p8808mo11.abundtrim.fq.gz,p8808mo11,6a8413cf,284161000
411000,0.001446363153282822,0.10032605969400551,0.0014076527039248877,0.00021269041425128196,1.5575,1.0,0.949575563080685,"GCA_900217175.1 Clostridium tertium, ASM90021717v1",/group/ctbrowngrp/genbank/genbank-2020.07-bacteria-k31.zip,d144b1319d4ad2bcbd32904115673f46,0.10308502633559068,400000,41,20785000,outputs.paper/abundtrim/p8808mo11.abundtrim.fq.gz,p8808mo11,6a8413cf,284161000
2289000,0.00805529259821017,0.10443794844538931,0.001383018781606202,0.0015714510060973528,11.712468193384224,8.0,27.47298042995079,"GCA_001688625.2 Flavonifractor plautii strain=YL31, ASM168862v2",/group/ctbrowngrp/genbank/genbank-2020.07-bacteria-k31.zip,aae5e198dca9a13d7ca553c9a4da3e8e,0.6082912569758172,393000,42,20392000,outputs.paper/abundtrim/p8808mo11.abundtrim.fq.gz,p8808mo11,6a8413cf,284161000
2285000,0.00804121607117092,0.1015112631879099,0.0012528109064931501,0.0006466061710945875,5.320224719101123,3.0,5.588786521326611,"GCA_003850125.1 Clostridium perfringens strain=SC4-C13, ASM385012v1",/group/ctbrowngrp/genbank/genbank-2020.07-bacteria-k31.zip,78e2bbd645e8b6d7d8027bcb543e0813,0.6515540347875677,356000,43,20036000,outputs.paper/abundtrim/p8808mo11.abundtrim.fq.gz,p8808mo11,6a8413cf,284161000
350000,0.0012316961159342767,0.19196919691969197,0.0012281769841744645,0.00017172275821572203,1.4412607449856734,1.0,0.7379322253847815,"GCA_900759455.1 Erysipelotrichaceae bacterium, ERS608587_67",/group/ctbrowngrp/genbank/genbank-2020.07-bacteria-k31.zip,bc309771a768462dbba64f3cffbbb20c,0.1925192519251925,349000,44,19687000,outputs.paper/abundtrim/p8808mo11.abundtrim.fq.gz,p8808mo11,6a8413cf,284161000
2295000,0.008076407388769044,0.09469906129210381,0.001207062193615591,0.021924523921697154,187.23032069970844,175.0,163.1650759081338,"GCA_001405615.1 Roseburia faecis strain=2789STDY5608863, 13414_6#47",/group/ctbrowngrp/genbank/genbank-2020.07-bacteria-k31.zip,e94c2e2f46708c3df68b1dae737c7a3d,0.6336278299282164,343000,45,19344000,outputs.paper/abundtrim/p8808mo11.abundtrim.fq.gz,p8808mo11,6a8413cf,284161000
4527000,0.015931109476669918,0.06338818249813014,0.0011929856665763422,0.003214254013123306,27.772861356932154,23.0,33.73580813052677,"GCA_900447015.1 Enterocloster clostridioformis strain=NCTC11224, 57530_A01",/group/ctbrowngrp/genbank/genbank-2020.07-bacteria-k31.zip,7e0ff5ec5afa16aef3ee2ba3895dd05d,0.8464846671652955,339000,46,19005000,outputs.paper/abundtrim/p8808mo11.abundtrim.fq.gz,p8808mo11,6a8413cf,284161000
354000,0.0012457726429735256,0.12086330935251799,0.0011824282712969056,0.00017650231808653735,1.5386904761904763,1.0,0.9472658395939748,"GCA_001405075.1 Turicibacter sanguinis strain=2789STDY5608865, 13414_6#49",/group/ctbrowngrp/genbank/genbank-2020.07-bacteria-k31.zip,99ebc08bb18947a40a71b7362a0b709f,0.12733812949640289,336000,47,18669000,outputs.paper/abundtrim/p8808mo11.abundtrim.fq.gz,p8808mo11,6a8413cf,284161000
4158000,0.014632549857299207,0.05683379120879121,0.0011648326124978445,0.00075653604812334,6.694864048338369,4.0,10.601570491433824,"GCA_003434745.1 Dorea longicatena strain=AM25-9, ASM343474v1",/group/ctbrowngrp/genbank/genbank-2020.07-bacteria-k31.zip,b7fd84b271123430ef522d58dabe7d6e,0.7139423076923077,331000,48,18338000,outputs.paper/abundtrim/p8808mo11.abundtrim.fq.gz,p8808mo11,6a8413cf,284161000
316000,0.0011120456361006612,0.08559861191440139,0.001041663000904417,0.00020654526584594797,2.043918918918919,1.0,3.2049523829863125,"GCA_001405015.1 Clostridium disporicum strain=2789STDY5834856, 13470_2#75",/group/ctbrowngrp/genbank/genbank-2020.07-bacteria-k31.zip,6057e3bdb2dafbdbccd937ca17ba58a0,0.0913823019086177,296000,49,18042000,outputs.paper/abundtrim/p8808mo11.abundtrim.fq.gz,p8808mo11,6a8413cf,284161000
1476000,0.005194238477482836,0.05639020374562667,0.000964242102188548,0.0007695091392012673,8.226277372262773,1.0,33.79856445375666,"GCA_000424325.1 [Clostridium] clostridioforme AGR2157 strain=AGR2157, ASM42432v1",/group/ctbrowngrp/genbank/genbank-2020.07-bacteria-k31.zip,dcf743ecbf716c7db8255b85c5ef9ec0,0.3037662070384853,274000,50,17768000,outputs.paper/abundtrim/p8808mo11.abundtrim.fq.gz,p8808mo11,6a8413cf,284161000
403000,0.0014182100992043243,0.10879164993978321,0.0009536847069091114,0.000347542282035,3.756457564575646,1.0,7.037570813093552,"GCA_001431025.1 Veillonella sp. DORA_A_3_16_22, VllA_DORA_A_3_16_22_velvet_1.1",/group/ctbrowngrp/genbank/genbank-2020.07-bacteria-k31.zip,8bb84c930f0310331dc187a44b462c24,0.16178241670012045,271000,51,17497000,outputs.paper/abundtrim/p8808mo11.abundtrim.fq.gz,p8808mo11,6a8413cf,284161000
1472000,0.005180161950443587,0.09116022099447514,0.0009290507845904259,0.0004223082542998969,4.6856060606060606,2.0,10.427038225106976,"GCA_900106845.1 Romboutsia timonensis strain=Marseille-P326, PRJEB14233",/group/ctbrowngrp/genbank/genbank-2020.07-bacteria-k31.zip,68febb7358a4837cbde8eb55523b5d94,0.5082872928176796,264000,52,17233000,outputs.paper/abundtrim/p8808mo11.abundtrim.fq.gz,p8808mo11,6a8413cf,284161000
1813000,0.006380185880539554,0.09285992976980101,0.0008375533588353081,0.0011491427517974558,14.142857142857142,14.0,6.364668381105223,"GCA_000513015.1 Bifidobacterium sp. MSTE12 strain=MSTE12, BspMSTE12v1.0",/group/ctbrowngrp/genbank/genbank-2020.07-bacteria-k31.zip,781f51f4d2976d1e3626b71d498a0813,0.7073741708934842,238000,53,16995000,outputs.paper/abundtrim/p8808mo11.abundtrim.fq.gz,p8808mo11,6a8413cf,284161000
3715000,0.013073574487702393,0.04576839613335964,0.0008164385682764349,0.00129833329919362,16.392241379310345,11.0,27.854711267643847,"GCA_013303985.1 [Clostridium] symbiosum strain=MSK.7.21, ASM1330398v1",/group/ctbrowngrp/genbank/genbank-2020.07-bacteria-k31.zip,0a831d5144d30d310b4abe2778f8ca58,0.7328861708423752,232000,54,16763000,outputs.paper/abundtrim/p8808mo11.abundtrim.fq.gz,p8808mo11,6a8413cf,284161000
656000,0.002308550434436816,0.06713573732043389,0.0008058811729969982,0.0003652949329837427,4.672489082969432,1.0,11.235555828047167,"GCA_900447045.1 Clostridium paraputrificum strain=NCTC11833, 52087_F01",/group/ctbrowngrp/genbank/genbank-2020.07-bacteria-k31.zip,0c8b45ec7f1c8bbbe19cb015f398911d,0.19231896804456172,229000,55,16534000,outputs.paper/abundtrim/p8808mo11.abundtrim.fq.gz,p8808mo11,6a8413cf,284161000
475000,0.001671587585910804,0.07098574085554867,0.0008058811729969982,0.00015635988720238706,2.0,1.0,2.477849469048993,"GCA_900759275.1 uncultured Intestinibacter sp., ERS608584_12",/group/ctbrowngrp/genbank/genbank-2020.07-bacteria-k31.zip,c7bc869a16a2c14dc01664d5aaaecc9d,0.1472411655300682,229000,56,16305000,outputs.paper/abundtrim/p8808mo11.abundtrim.fq.gz,p8808mo11,6a8413cf,284161000
1858000,0.0065385468097311035,0.0877742946708464,0.0007882855141979371,0.00027994564957632614,3.6607142857142856,3.0,3.339572180225901,"GCA_002159775.1 [Clostridium] spiroforme strain=An26, ASM215977v1",/group/ctbrowngrp/genbank/genbank-2020.07-bacteria-k31.zip,0a44052b0789c614414be8e33583f308,0.7280564263322884,224000,57,16081000,outputs.paper/abundtrim/p8808mo11.abundtrim.fq.gz,p8808mo11,6a8413cf,284161000
1780000,0.00626405453246575,0.08038932948810382,0.0007847663824381249,0.004264050199034529,56.00896860986547,48.0,42.08277035580765,"GCA_013300925.1 Tyzzerella nexilis strain=MSK.23.83, ASM1330092v1",/group/ctbrowngrp/genbank/genbank-2020.07-bacteria-k31.zip,1f9c6aadf2ffd157b569f2f7d132477e,0.6416726748377793,223000,58,15858000,outputs.paper/abundtrim/p8808mo11.abundtrim.fq.gz,p8808mo11,6a8413cf,284161000
3302000,0.011620173070899948,0.03773584905660377,0.0007671707236390638,0.001483370545620899,19.931192660550458,8.0,35.973739650599576,"GCA_000371545.1 [Clostridium] clostridioforme 90A6 strain=90A6, Clos_clos_90A6_V1",/group/ctbrowngrp/genbank/genbank-2020.07-bacteria-k31.zip,fe971a1468091e0e394bc3137ad8c90f,0.5715769430500259,218000,59,15640000,outputs.paper/abundtrim/p8808mo11.abundtrim.fq.gz,p8808mo11,6a8413cf,284161000
3025000,0.010645373573431963,0.053294828038855345,0.0007143837472418805,0.0021975733491741605,31.70935960591133,27.0,37.091675285055054,"GCA_000244855.1 Coprobacillus sp. 8_2_54BFAA strain=8_2_54BFAA, Coprob_sp_8_2_54BFAA_V1",/group/ctbrowngrp/genbank/genbank-2020.07-bacteria-k31.zip,4356d9847ea3f9251e68d4f28a262517,0.7941716986085586,203000,60,15437000,outputs.paper/abundtrim/p8808mo11.abundtrim.fq.gz,p8808mo11,6a8413cf,284161000
222000,0.0007812472506783126,0.049974886991461576,0.0007003072202026316,9.76395802180845e-05,1.4371859296482412,1.0,0.7534337613664849,"GCA_900766315.1 uncultured Clostridium sp., SRS373047_16",/group/ctbrowngrp/genbank/genbank-2020.07-bacteria-k31.zip,a0f0ad55f7131a1ea7d01bc11fc86b10,0.055750878955298844,199000,61,15238000,outputs.paper/abundtrim/p8808mo11.abundtrim.fq.gz,p8808mo11,6a8413cf,284161000
551000,0.0019390415996565328,0.0868421052631579,0.0006967880884428194,0.00010685730282608547,1.5808080808080809,1.0,0.9749567996310512,"GCA_001071295.1 Streptococcus parasanguinis strain=540.rep1_SPAR, ASM107129v1",/group/ctbrowngrp/genbank/genbank-2020.07-bacteria-k31.zip,efe3a238710ed876324b3a0c73f0c0de,0.24166666666666667,198000,62,15040000,outputs.paper/abundtrim/p8808mo11.abundtrim.fq.gz,p8808mo11,6a8413cf,284161000
1940000,0.006827115614035705,0.061504142766093055,0.0006791924296437583,0.009820288548857343,149.04145077720207,159.0,189.46849121334685,"GCA_002865385.1 [Ruminococcus] gnavus strain=RJX1127, ASM286538v1",/group/ctbrowngrp/genbank/genbank-2020.07-bacteria-k31.zip,bd404efcfcc7bf49472d36fddcbe327a,0.6182281708094327,193000,63,14847000,outputs.paper/abundtrim/p8808mo11.abundtrim.fq.gz,p8808mo11,6a8413cf,284161000
2205000,0.007759685530385943,0.06428811847862673,0.0006721541661241339,0.00040421420621752457,6.198952879581152,5.0,5.615255860597861,"GCA_000433835.1 Clostridium bartlettii CAG:1329, MGS1329",/group/ctbrowngrp/genbank/genbank-2020.07-bacteria-k31.zip,4a15c98024b89285b7791b9894bcb796,0.7421743520700101,191000,64,14656000,outputs.paper/abundtrim/p8808mo11.abundtrim.fq.gz,p8808mo11,6a8413cf,284161000
1205000,0.004240553770573724,0.08429973238180197,0.0006651159026045094,0.0013304246297548086,20.61904761904762,22.0,12.732197121369703,"GCA_902810435.1 Veillonella parvula strain=SKV38, SKV38",/group/ctbrowngrp/genbank/genbank-2020.07-bacteria-k31.zip,92fffacc05525a8c6779bf5455282783,0.5374665477252453,189000,65,14467000,outputs.paper/abundtrim/p8808mo11.abundtrim.fq.gz,p8808mo11,6a8413cf,284161000
2402000,0.00845295448706895,0.0482881962187021,0.0006651159026045094,0.0005994933666536936,9.291005291005291,8.0,12.536717440166512,"GCA_901212615.1 Flavonifractor plautii, NZ_Flavonifractor_plautii_MC1",/group/ctbrowngrp/genbank/genbank-2020.07-bacteria-k31.zip,bd617527ee9514bfb2158cd1785d8ae9,0.6136944302503833,189000,66,14278000,outputs.paper/abundtrim/p8808mo11.abundtrim.fq.gz,p8808mo11,6a8413cf,284161000
181000,0.0006369628485260116,0.07788296041308089,0.0006369628485260116,8.910465187734284e-05,1.441988950276243,1.0,0.8027607198652451,"GCA_900540565.1 uncultured Actinomyces sp., UMGS252",/group/ctbrowngrp/genbank/genbank-2020.07-bacteria-k31.zip,9659015971995e8d941962073f6663b9,0.07788296041308089,181000,67,14097000,outputs.paper/abundtrim/p8808mo11.abundtrim.fq.gz,p8808mo11,6a8413cf,284161000
780000,0.002744922772653531,0.0780399274047187,0.0006052906626877017,0.00022190813685928293,3.7790697674418605,2.0,19.650374967006858,"GCA_003605975.1 Veillonella atypica strain=KHUD_V1, ASM360597v1",/group/ctbrowngrp/genbank/genbank-2020.07-bacteria-k31.zip,42ea3d2b732f4f36830cfc4cc2873031,0.35390199637023595,172000,68,13925000,outputs.paper/abundtrim/p8808mo11.abundtrim.fq.gz,p8808mo11,6a8413cf,284161000
2247000,0.007907489064298057,0.05165036674816626,0.0005947332674082651,0.0003256928654827014,5.644970414201183,5.0,3.963366437743896,"GCA_002161525.1 Drancourtella sp. An57 strain=An57, ASM216152v1",/group/ctbrowngrp/genbank/genbank-2020.07-bacteria-k31.zip,f3d65adea32e6bf04bcb2dc8fb6a3df1,0.6867359413202934,169000,69,13756000,outputs.paper/abundtrim/p8808mo11.abundtrim.fq.gz,p8808mo11,6a8413cf,284161000
568000,0.0019988668395733403,0.047383720930232555,0.0005736184768493917,0.0008074042210341602,14.50920245398773,3.0,40.13586864793954,"GCA_000508985.1 Clostridiales bacterium VE202-09 strain=VE202-09, ASM50898v1",/group/ctbrowngrp/genbank/genbank-2020.07-bacteria-k31.zip,152969be704fc29d78f2ca7e8b27253b,0.16511627906976745,163000,70,13593000,outputs.paper/abundtrim/p8808mo11.abundtrim.fq.gz,p8808mo11,6a8413cf,284161000
3351000,0.011792610527130746,0.03344695355773328,0.0005525036862905184,0.003146315983531002,58.70063694267516,58.0,35.534224100110194,"GCA_902374605.1 [Clostridium] innocuum, MGYG-HGUT-01396",/group/ctbrowngrp/genbank/genbank-2020.07-bacteria-k31.zip,b7c807de870fd96c0bdb8359c73b2f96,0.713890072432893,157000,71,13436000,outputs.paper/abundtrim/p8808mo11.abundtrim.fq.gz,p8808mo11,6a8413cf,284161000
4133000,0.014544571563303901,0.02081925104772205,0.0005419462910110817,0.0008111595895040865,15.428571428571429,13.0,15.254914959668445,"GCA_902363795.1 Hungatella hathewayi, MGYG-HGUT-00150",/group/ctbrowngrp/genbank/genbank-2020.07-bacteria-k31.zip,3091686e59df1d2e83d733cf97241337,0.5587400297417872,154000,72,13282000,outputs.paper/abundtrim/p8808mo11.abundtrim.fq.gz,p8808mo11,6a8413cf,284161000
153000,0.0005384271592512696,0.07142857142857142,0.0005349080274914573,6.862082385956288e-05,1.3223684210526316,1.0,0.6939776054726167,"GCA_001679455.1 Haemophilus parainfluenzae strain=CCUG 62655, ASM167945v1",/group/ctbrowngrp/genbank/genbank-2020.07-bacteria-k31.zip,49bc849d98011db96aedbadfc51d4d51,0.0718984962406015,152000,73,13130000,outputs.paper/abundtrim/p8808mo11.abundtrim.fq.gz,p8808mo11,6a8413cf,284161000
362000,0.0012739256970520233,0.07900318133616119,0.0005243506322120206,6.759663245867387e-05,1.3288590604026846,1.0,0.8704157227851528,"GCA_009856565.1 Streptococcus thermophilus strain=EU01, ASM985656v1",/group/ctbrowngrp/genbank/genbank-2020.07-bacteria-k31.zip,80a4b07c145534de65532ccb959c6bf5,0.1919406150583245,149000,74,12981000,outputs.paper/abundtrim/p8808mo11.abundtrim.fq.gz,p8808mo11,6a8413cf,284161000
2201000,0.007745609003346694,0.040810582606248244,0.0005102741051727718,0.008848330909413685,178.7448275862069,186.0,78.78891741691147,"GCA_009718425.1 Roseburia faecis strain=BIOML-A1, ASM971842v1",/group/ctbrowngrp/genbank/genbank-2020.07-bacteria-k31.zip,631d261c2bdca84913412dd7dab50c1b,0.6194764987334647,145000,75,12836000,outputs.paper/abundtrim/p8808mo11.abundtrim.fq.gz,p8808mo11,6a8413cf,284161000
2445000,0.008604277152740876,0.042395493625852355,0.0005032358416531473,0.00021951835692387526,4.496503496503497,3.0,5.5556612918578745,"GCA_011062745.1 Clostridium perfringens strain=CP-31, ASM1106274v1",/group/ctbrowngrp/genbank/genbank-2020.07-bacteria-k31.zip,2547513be1e4e46833ad6303574ca24c,0.724873999407056,143000,76,12693000,outputs.paper/abundtrim/p8808mo11.abundtrim.fq.gz,p8808mo11,6a8413cf,284161000
586000,0.0020622112112499602,0.04491206030150754,0.0005032358416531473,0.0016527035239012134,33.85314685314685,29.0,34.54822474100019,"GCA_003434525.1 Lachnospiraceae bacterium AM25-22 strain=AM25-22, ASM343452v1",/group/ctbrowngrp/genbank/genbank-2020.07-bacteria-k31.zip,4945c46806e3d15f1b838afa08a725f4,0.18404522613065327,143000,77,12550000,outputs.paper/abundtrim/p8808mo11.abundtrim.fq.gz,p8808mo11,6a8413cf,284161000
585000,0.0020586920794901484,0.020898176967541128,0.0004961975781335229,6.384126398874756e-05,1.326241134751773,1.0,0.6357712008798573,"GCA_000451045.2 Clostridioides difficile Y384 strain=Y384, ASM45104v2",/group/ctbrowngrp/genbank/genbank-2020.07-bacteria-k31.zip,e67d4c9da7c369895f0a53ecef1c4b74,0.08670520231213873,141000,78,12409000,outputs.paper/abundtrim/p8808mo11.abundtrim.fq.gz,p8808mo11,6a8413cf,284161000
145000,0.0005102741051727718,0.06695156695156695,0.0004961975781335229,7.374178086400786e-05,1.5319148936170213,1.0,0.9190898326151139,"GCA_002871975.1 Actinomyces graevenitzii strain=UMB0286, ASM287197v1",/group/ctbrowngrp/genbank/genbank-2020.07-bacteria-k31.zip,22593cd222c07448b4d8043b8636ab93,0.06885090218423552,141000,79,12268000,outputs.paper/abundtrim/p8808mo11.abundtrim.fq.gz,p8808mo11,6a8413cf,284161000
155000,0.000545465422770894,0.06630648330058939,0.0004750827875746496,7.101060379497054e-05,1.5407407407407407,1.0,0.8924619544787575,"GCA_002096765.1 Streptococcus mitis strain=RH_777_07, ASM209676v1",/group/ctbrowngrp/genbank/genbank-2020.07-bacteria-k31.zip,ec08c13b225e0816da38b6c375da12c6,0.07612966601178782,135000,80,12133000,outputs.paper/abundtrim/p8808mo11.abundtrim.fq.gz,p8808mo11,6a8413cf,284161000
141000,0.0004961975781335229,0.04082288653166184,0.00044692973349615183,6.179288118696955e-05,1.4251968503937007,1.0,0.6462451820057697,"GCA_000435835.1 Clostridium sp. CAG:221, MGS221",/group/ctbrowngrp/genbank/genbank-2020.07-bacteria-k31.zip,dc265546367468bce45238d035694f73,0.04532304725168756,127000,81,12006000,outputs.paper/abundtrim/p8808mo11.abundtrim.fq.gz,p8808mo11,6a8413cf,284161000
761000,0.0026780592692170987,0.04806565064478312,0.000432853206456903,0.0009562533712966946,22.772357723577237,23.0,26.638749515357368,"GCA_900757715.1 uncultured Veillonella sp., ERS537359_13",/group/ctbrowngrp/genbank/genbank-2020.07-bacteria-k31.zip,1c3ea5fbf00ea2a5dc8cb8d21cd793e8,0.29738178976162566,123000,82,11883000,outputs.paper/abundtrim/p8808mo11.abundtrim.fq.gz,p8808mo11,6a8413cf,284161000
2713000,0.009547404464370551,0.018222554144884242,0.0004293340746970907,0.00020142430884150298,4.836065573770492,4.0,5.190408328701212,"GCA_003467385.1 Enterocloster aldensis strain=AM40-2AC, ASM346738v1",/group/ctbrowngrp/genbank/genbank-2020.07-bacteria-k31.zip,ca0ec57455a0356667642c879f736aca,0.405227781926811,122000,83,11761000,outputs.paper/abundtrim/p8808mo11.abundtrim.fq.gz,p8808mo11,6a8413cf,284161000
370000,0.001302078751130521,0.003287700765333621,0.0004293340746970907,0.0008651003366175737,20.770491803278688,1.0,61.35422372266305,"GCA_002893375.1 Cyclospora cayetanensis strain=CDC:HCVA02:15, ASM289337v1",/group/ctbrowngrp/genbank/genbank-2020.07-protozoa-k31.zip,36afcda97fb9363bad092574480b3d01,0.009970895763716719,122000,84,11639000,outputs.paper/abundtrim/p8808mo11.abundtrim.fq.gz,p8808mo11,6a8413cf,284161000
165000,0.0005806567403690161,0.03835182250396196,0.0004258149429372785,6.452405825600688e-05,1.56198347107438,1.0,0.961168039276585,"GCA_900543325.1 uncultured Clostridium sp., UMGS558",/group/ctbrowngrp/genbank/genbank-2020.07-bacteria-k31.zip,f3a66271c1236cae384c2a4c26a9b7a5,0.05229793977812995,121000,85,11518000,outputs.paper/abundtrim/p8808mo11.abundtrim.fq.gz,p8808mo11,6a8413cf,284161000
670000,0.0023578182790741867,0.057443752991862135,0.0004222958111774663,7.203479519585954e-05,1.7583333333333333,1.0,1.2516378159125034,"GCA_000448685.2 Streptococcus salivarius strain=HSISS4, ASM44868v2",/group/ctbrowngrp/genbank/genbank-2020.07-bacteria-k31.zip,4b390ec30d0e1ae7a8a1bfe1682435c4,0.32072762087123025,120000,86,11398000,outputs.paper/abundtrim/p8808mo11.abundtrim.fq.gz,p8808mo11,6a8413cf,284161000
1491000,0.005247025453880018,0.034158838599487616,0.0004222958111774663,0.007567067466901548,184.70833333333334,177.0,196.4073316619203,"GCA_000526735.1 [Ruminococcus] gnavus AGR2154 strain=AGR2154, ASM52673v1",/group/ctbrowngrp/genbank/genbank-2020.07-bacteria-k31.zip,f5fc9e2c73f5a6c8743413935a470348,0.42442356959863364,120000,87,11278000,outputs.paper/abundtrim/p8808mo11.abundtrim.fq.gz,p8808mo11,6a8413cf,284161000
2278000,0.008016582148852236,0.03884462151394422,0.00041173841589802965,0.0002505854960841749,6.273504273504273,5.0,7.304867750224664,"GCA_001078415.1 Clostridium sp. 1_1_41A1FAA strain=1_1_41A1FAA, Clostridium_sp_1_1_41A1Faa_V1",/group/ctbrowngrp/genbank/genbank-2020.07-bacteria-k31.zip,8f2a0e3551f6d7d7410c99889f76af76,0.7563081009296149,117000,88,11161000,outputs.paper/abundtrim/p8808mo11.abundtrim.fq.gz,p8808mo11,6a8413cf,284161000
122000,0.0004293340746970907,0.060732984293193716,0.00040821928413821743,5.8378909850672894e-05,1.4741379310344827,1.0,0.8352287204459554,"GCA_001070095.1 Streptomyces cattleya strain=1093_SCAT, ASM107009v1",/group/ctbrowngrp/genbank/genbank-2020.07-bacteria-k31.zip,d63a34878dba4f23d40f9e68ba0e1323,0.06387434554973823,116000,89,11045000,outputs.paper/abundtrim/p8808mo11.abundtrim.fq.gz,p8808mo11,6a8413cf,284161000
2352000,0.008276997899078339,0.02912377604820487,0.00040821928413821743,0.0003045262431976621,7.689655172413793,7.0,4.583354051767391,"GCA_902363185.1 Clostridiales bacterium, MGYG-HGUT-00099",/group/ctbrowngrp/genbank/genbank-2020.07-bacteria-k31.zip,0725f75151e9546db2c4da4903fa7e66,0.5905096660808435,116000,90,10929000,outputs.paper/abundtrim/p8808mo11.abundtrim.fq.gz,p8808mo11,6a8413cf,284161000
210000,0.000739017669560566,0.024046793760831887,0.0003906236253391563,0.001544822029674239,40.765765765765764,10.0,49.0135033710292,"GCA_003479915.1 Ruminococcus sp. AM46-18 strain=AM46-18, ASM347991v1",/group/ctbrowngrp/genbank/genbank-2020.07-bacteria-k31.zip,f5999712ea1ec70d81c04e1bc32883e9,0.04549393414211438,111000,91,10818000,outputs.paper/abundtrim/p8808mo11.abundtrim.fq.gz,p8808mo11,6a8413cf,284161000
119000,0.00041877667941765407,0.020624408703878903,0.0003835853618195319,4.130905316918959e-05,1.110091743119266,1.0,0.5129416788438298,"GCA_000699845.1 Bacteroides vulgatus str. 3775 SR(B) 19 strain=3775 SR(B) 19, ASM69984v1",/group/ctbrowngrp/genbank/genbank-2020.07-bacteria-k31.zip,dca990c2a447c5ed64c26c028934d29b,0.022516556291390728,109000,92,10709000,outputs.paper/abundtrim/p8808mo11.abundtrim.fq.gz,p8808mo11,6a8413cf,284161000
2070000,0.007284602742811294,0.029925187032418952,0.0003800662300597197,0.00012392715950756877,3.361111111111111,3.0,2.3232254611229357,"GCA_000154305.1 Anaerostipes caccae DSM 14662 strain=DSM 14662, ASM15430v1",/group/ctbrowngrp/genbank/genbank-2020.07-bacteria-k31.zip,bd7e4c51e5eeb49e140fa6cde375a9ac,0.57356608478803,108000,93,10601000,outputs.paper/abundtrim/p8808mo11.abundtrim.fq.gz,p8808mo11,6a8413cf,284161000
120000,0.0004222958111774663,0.04032258064516129,0.000369508834780283,3.994346463467093e-05,1.1142857142857143,1.0,0.34680269440063094,"GCA_009678825.1 Megasphaera sp. BIOML-A2 strain=BIOML-A2, ASM967882v1",/group/ctbrowngrp/genbank/genbank-2020.07-bacteria-k31.zip,fcb3cb1b833ae9ce0c390328ad006af1,0.04608294930875576,105000,94,10496000,outputs.paper/abundtrim/p8808mo11.abundtrim.fq.gz,p8808mo11,6a8413cf,284161000
1037000,0.0036493396349252714,0.034264803725881574,0.00036247057126065856,0.0016574830837720286,47.13592233009709,47.0,29.82409547247408,"GCA_900756445.1 uncultured Tyzzerella sp., ERS537181_3",/group/ctbrowngrp/genbank/genbank-2020.07-bacteria-k31.zip,4f63d98c40143417f4dd2149259c6d78,0.3449767132401863,103000,95,10393000,outputs.paper/abundtrim/p8808mo11.abundtrim.fq.gz,p8808mo11,6a8413cf,284161000
2326000,0.008185500473323221,0.027762656505171474,0.00035895143950084635,0.00022395651966106094,6.431372549019608,4.0,17.076821697628038,"GCA_000980625.1 Roseburia sp. UNK.MGS-15, ASM98062v1",/group/ctbrowngrp/genbank/genbank-2020.07-bacteria-k31.zip,598c763d601957a3621b5ba5b0c1a7d3,0.633097441480675,102000,96,10291000,outputs.paper/abundtrim/p8808mo11.abundtrim.fq.gz,p8808mo11,6a8413cf,284161000
105000,0.000369508834780283,0.06520335700451904,0.00035543230774103413,4.881979010904225e-05,1.4158415841584158,1.0,0.7868640192596248,"GCA_000758945.1 Atopobium parvulum DNF00906 strain=DNF00906, 04_NF40_HMP1647v01",/group/ctbrowngrp/genbank/genbank-2020.07-bacteria-k31.zip,eea427512a48c3f2a2ec7092f212c5cb,0.06778566817301485,101000,97,10190000,outputs.paper/abundtrim/p8808mo11.abundtrim.fq.gz,p8808mo11,6a8413cf,284161000
